N_Folds,Gross_Sharpe,Net_Sharpe_5bps,Net_Sharpe_10bps,Net_Sharpe_20bps,Net_Sharpe_full_cost_model,Avg_Daily_Turnover_pct,Avg_Holding_Period_Days,Max_Drawdown,Cumulative_Return,kind,gamma1,gamma2,seed_alpha,llm_seed
21.0,0.5934294850211177,0.5642829496711719,0.5351324085454997,0.4768209664976452,0.4490991222844853,1.5239651205035745,65.61829969373335,-0.25335788959216987,1.8388319126082115,turnover_only,0.1,0.0,volatility,1001
21.0,0.4677414264414199,0.44047916520068775,0.4132146508756303,0.3586803460452429,0.3313399138139795,1.435531608901558,69.6606047403708,-0.3985630131713904,1.0715263636219974,turnover_only,0.25,0.0,volatility,1001
21.0,0.4855981592606528,0.4586109820251018,0.431621097102071,0.37763466891030995,0.3501631000826478,1.4166353425872629,70.5897961132084,-0.36524498818058415,1.176544149685041,turnover_only,0.5,0.0,volatility,1001
21.0,0.48480590796581646,0.4579853827117603,0.4311626323112036,0.3775118911055498,0.35007003864989655,1.406962321081248,71.07510876563502,-0.3835961919569806,1.1754052659921825,turnover_only,1.0,0.0,volatility,1001
21.0,0.29367354163943327,0.23228742667079508,0.17090022296538399,0.04813179556915627,0.01930497110419218,3.228415073392736,30.974951400815435,-0.5360949312029897,-0.12129540072094036,cost_only,0.0,2.0,volatility,1001
21.0,0.5029046856350736,0.4523763690237232,0.4018495984441311,0.3008073555436424,0.27071799995855117,2.6279295599024795,38.052770335180114,-0.5029237984752002,0.7477048607148433,cost_only,0.0,4.0,volatility,1001
21.0,0.581977732950109,0.5513463809321905,0.5207111961184299,0.4594310147382572,0.43195067898624345,1.6004679500229788,62.481726046787905,-0.29065236649420945,1.7082364869195295,cost_only,0.0,8.0,volatility,1001
21.0,0.5503989653621869,0.5212111131953553,0.49201994388125725,0.43362928431901,0.40609421523629535,1.540269356841891,64.92370932122947,-0.2774904187765538,1.5440880881564536,cost_only,0.0,16.0,volatility,1001
21.0,0.4631314530456833,0.436038510854782,0.40894320871711953,0.3547469646258782,0.32744545163964645,1.426358672024975,70.10859327411096,-0.39890342810703905,1.049021302288888,combined_midpoint,0.25,4.0,volatility,1001
