seed_alpha,llm_seed,mode,gross_return_ann,cost_drag_ann,one_way_turnover_daily,cost_bps_per_unit_traded
momentum,1001,Baseline,0.08690139559420233,0.9724882141004454,0.6635337022717392,29.079760391009387
momentum,1001,Execution-Aware,0.028741742562467382,0.02211134090693502,0.018547256149088746,23.654015341151194
momentum,1001,Reward-Only,0.01270923036038939,0.12720284140202126,0.1036344934443408,24.353531502416743
momentum,2002,Baseline,0.07744658213444604,0.898110887020111,0.6368319542554742,27.981731032296196
momentum,2002,Execution-Aware,0.011894798305012963,0.021806477427844577,0.018328656181035408,23.606106124741668
momentum,2002,Reward-Only,0.0003308726178337821,0.16064814353930726,0.13240068631471197,24.074370414409735
momentum,3003,Baseline,0.028732728865846244,1.2667461598832959,0.8949265262455204,28.08482220778583
momentum,3003,Execution-Aware,0.012142354451599668,0.021276518177124934,0.01808873420474568,23.337903783464533
momentum,3003,Reward-Only,0.019976202304138106,0.11767149834368999,0.09536653020565737,24.481880028861397
reversal,1001,Baseline,0.09964712830236541,1.4759132845470584,1.0512693968245677,27.855841546864585
reversal,1001,Execution-Aware,-0.016851716506592902,0.038216374811120155,0.03298818285009413,22.985849460949588
reversal,1001,Reward-Only,0.049642703965267224,0.8162633756497552,0.5327747092939059,30.39878135220983
reversal,2002,Baseline,0.06943702154806344,1.3196834796383137,0.9236593841167036,28.348324582453838
reversal,2002,Execution-Aware,-0.005155901093135343,0.056881960290909646,0.04852239316417704,23.259576653889386
reversal,2002,Reward-Only,0.027625134898553918,0.7496660833632558,0.5326140237846804,27.927028554680877
reversal,3003,Baseline,0.06374753145040696,1.271546247505003,0.8727231514441948,28.908471341285477
reversal,3003,Execution-Aware,0.002708637273980777,0.044841191501262645,0.036549096436205956,24.342768148414606
reversal,3003,Reward-Only,0.015820604406309773,0.3890544839953385,0.3135738126471457,24.617282083417546
volatility,1001,Baseline,0.08425651018163728,0.3546814969663278,0.2800481827701582,25.12900180034425
volatility,1001,Execution-Aware,0.07433693937295238,0.017104571546435937,0.0142117824084151,23.87993355226081
volatility,1001,Reward-Only,0.08466693511599205,0.0372168902314171,0.03237583772346531,22.80806964878218
volatility,2002,Baseline,0.08241306281525015,0.5308060716859565,0.3974616223602023,26.497819938350954
volatility,2002,Execution-Aware,0.07664249852569158,0.017079467382152484,0.014189040058999213,23.883104118768408
volatility,2002,Reward-Only,0.04907307065032244,0.02626098955381697,0.022524708814396752,23.132435776617857
volatility,3003,Baseline,0.07073558799194224,0.5665444282663457,0.3989232769638416,28.17825263006498
volatility,3003,Execution-Aware,0.0831491729715948,0.01694838262341078,0.014047462780030218,23.938659832737336
volatility,3003,Reward-Only,0.04416376630165548,0.029992291196423215,0.02646179809248795,22.488462072995308
volume,1001,Baseline,0.02853797155292308,1.4931692189064338,1.037927962492039,28.54376648632579
volume,1001,Execution-Aware,0.009935449861014476,0.04437710123944754,0.038293807674146314,22.993222506303244
volume,1001,Reward-Only,-0.016012888790699384,0.34572330872736307,0.24239390551982815,28.29934789063881
volume,2002,Baseline,0.05926708411135629,1.5679103085559831,1.0773831577807707,28.874900534966542
volume,2002,Execution-Aware,-0.002549765369664202,0.03574049135148955,0.03109520122644607,22.80534311388741
volume,2002,Reward-Only,-0.016342696376296047,0.39146445739318925,0.29520480124831966,26.311062352508944
volume,3003,Baseline,0.030221507506979238,1.3769051624384019,0.9761309858126251,27.98758288677252
volume,3003,Execution-Aware,0.004734706352467491,0.0489973057239888,0.04236906673373383,22.94524848693035
volume,3003,Reward-Only,0.057630789231469075,0.45486462218098805,0.3398845320562271,26.553405226593892
