Mode,Fold,Train,Test,Factor,OOS_Gross_IR,OOS_Turnover,OOS_Net_IR
Baseline,0,2001-01-01 to 2005-12-31,2006-01-01 to 2006-12-31,"cs_rank(-1 * decay_linear(stddev(delta(close, 1), 20), 20) + volume / (vwap + 1e-5))",0.5016231503101308,55.881533094267425,-3.911184995059786
Baseline,1,2002-01-01 to 2006-12-31,2007-01-01 to 2007-12-31,"rank(-1 * stddev(delta(close, 1), 20) / (sma(volume, 20) + 1e-5)) + rank(vwap - close)",1.6853211679609437,251.6835572594717,-17.170514739493086
Baseline,2,2003-01-01 to 2007-12-31,2008-01-01 to 2008-12-31,"rank(-1 * (stddev(delta(close, 1), 20) / (stddev(volume, 20) + 1e-5)) + cs_rank(volume / (vwap + 1e-5)) + ts_rank(vwap - close, 20))",2.712370501773765,176.969887900952,-5.798183122762777
Baseline,3,2004-01-01 to 2008-12-31,2009-01-01 to 2009-12-31,"cs_rank(-1 * stddev(delta(close, 1), 20) + cs_rank((vwap - close) / (high - low + 1e-5)))",2.054793528971042,189.42200554241253,-5.897958284317003
Baseline,4,2005-01-01 to 2009-12-31,2010-01-01 to 2010-12-31,"rank(-1 * stddev(delta(close, 1), 20) + ts_rank(vwap - close, 20))",0.18993356676830767,169.1599395673393,-10.263084149375207
Baseline,5,2006-01-01 to 2010-12-31,2011-01-01 to 2011-12-31,"cs_rank(-1 * (stddev(delta(close, 1), 20) + decay_linear(close, 20) + zscore(vwap, 20)))",-0.1253927385629231,7.5741741205436135,-0.539005433183596
Baseline,6,2007-01-01 to 2011-12-31,2012-01-01 to 2012-12-31,"rank(-1 * (stddev(delta(close, 1), 20) + decay_linear(close, 20) * cs_rank(close)))",1.738280958836249,5.664752976643439,1.368721368003535
Baseline,7,2008-01-01 to 2012-12-31,2013-01-01 to 2013-12-31,"cs_rank(-1 * (stddev(close, 20) / (stddev(volume, 20) + 1e-5) + ts_rank(close - vwap, 20) + decay_linear(close - vwap, 20)))",1.1842519791455415,316.7212082030473,-25.21649131002647
Baseline,8,2009-01-01 to 2013-12-31,2014-01-01 to 2014-12-31,"rank(-1 * decay_linear(stddev(delta(close, 1), 20), 20) + cs_rank(vwap - close))",1.119189129272154,177.16297596526567,-10.042686974726886
Baseline,9,2010-01-01 to 2014-12-31,2015-01-01 to 2015-12-31,"cs_rank(-1 * zscore(stddev(delta(close, 1), 20), 20)) + cs_rank((vwap - close) / (vwap + 1e-5))",0.4502407391156996,260.7972830145825,-14.432624879032947
Baseline,10,2011-01-01 to 2015-12-31,2016-01-01 to 2016-12-31,"rank(-1 * stddev(delta(close, 1), 20)) * cs_rank(volume) * ts_rank(close, 60)",1.6699410556066863,56.18650912433371,-1.2979336413728362
Baseline,11,2012-01-01 to 2016-12-31,2017-01-01 to 2017-12-31,"rank(-1 * (stddev(delta(close, 1), 20) + decay_linear(cs_rank(close - open), 20)))",-0.5646754506384348,23.30092742572829,-1.9192290455420746
Baseline,12,2013-01-01 to 2017-12-31,2018-01-01 to 2018-12-31,"rank(-1 * (stddev(delta(close, 1), 20) + decay_linear(ts_rank(volume, 20), 20)))",-0.8297845857693117,19.529506957772483,-1.8059946485626241
Baseline,13,2014-01-01 to 2018-12-31,2019-01-01 to 2019-12-31,"rank(-1 * (stddev(delta(close, 1), 20) * cs_rank(volume) * cs_rank(high - low) * cs_rank(close - open)))",-0.495214030137934,219.32830303166415,-15.75409775960897
Baseline,14,2015-01-01 to 2019-12-31,2020-01-01 to 2020-12-31,"rank(-1 * decay_linear(zscore(close - open, 20), 20) + cs_rank(volume) + ts_rank(vwap - close, 20))",1.0973181452961707,199.73254952024206,-4.56532405111424
Baseline,15,2016-01-01 to 2020-12-31,2021-01-01 to 2021-12-31,"cs_rank(-1 * ts_rank(stddev(delta(close, 1), 20), 20) + cs_rank(vwap - close))",-0.4067292028500098,243.48719687468991,-8.513042203325911
Baseline,16,2017-01-01 to 2021-12-31,2022-01-01 to 2022-12-31,"cs_rank(-1 * stddev(delta(close, 1), 20) + volume / (close + 1e-5))",0.05397433480885881,33.055391880293854,-1.2317928991005338
Baseline,17,2018-01-01 to 2022-12-31,2023-01-01 to 2023-12-31,"rank(-1 * stddev(delta(close, 1), 20) + zscore(vwap - close, 20))",-0.424539157822574,140.77492467831357,-9.05341157461898
Baseline,18,2019-01-01 to 2023-12-31,2024-01-01 to 2024-12-31,"rank(-1 * decay_linear(stddev(delta(close, 1), 20), 50) + cs_rank(volume))",1.2349526660671237,12.358914859824399,0.6311715425918684
Baseline,19,2020-01-01 to 2024-12-31,2025-01-01 to 2025-12-31,"rank(-1 * stddev(delta(close, 1), 20)) + rank(vwap - close) + rank(volume)",1.514206651850761,169.29930593183155,-6.978683017940031
Baseline,20,2021-01-01 to 2025-12-31,2026-01-01 to 2026-08-13,"rank(-1 * (stddev(delta(close, 1), 20) + decay_linear(vwap, 20)))",0.33748951795412474,6.292223712211111,0.13808249821105348
Execution-Aware,0,2001-01-01 to 2005-12-31,2006-01-01 to 2006-12-31,"decay_linear(rank(-1 * stddev(delta(close, 1), 20)), 252)",1.1372864818906363,3.1778518964237334,0.9856120898159474
Execution-Aware,1,2002-01-01 to 2006-12-31,2007-01-01 to 2007-12-31,"decay_linear(rank(-1 * stddev(delta(close, 1), 20)), 240)",0.40294008344600185,3.304464401520236,0.22266888030556575
Execution-Aware,2,2003-01-01 to 2007-12-31,2008-01-01 to 2008-12-31,"decay_linear(cs_rank(-1 * stddev(delta(close, 1), 200)), 240)",1.2286403600589693,5.979082217837964,1.0644930010089537
Execution-Aware,3,2004-01-01 to 2008-12-31,2009-01-01 to 2009-12-31,"decay_linear(cs_rank(-1 * stddev(delta(close, 1), 252)), 252)",-0.3477057981508622,4.9506602626689595,-0.4877943512678592
Execution-Aware,4,2005-01-01 to 2009-12-31,2010-01-01 to 2010-12-31,"decay_linear(cs_rank(-1 * stddev(delta(close, 1), 20)), 252)",-0.5673943001790566,2.9957438301485793,-0.717005001494147
Execution-Aware,5,2006-01-01 to 2010-12-31,2011-01-01 to 2011-12-31,"decay_linear(rank(-1 * stddev(delta(close, 1), 20)), 240)",1.1030983474218186,3.219144596110077,0.9521521623909971
Execution-Aware,6,2007-01-01 to 2011-12-31,2012-01-01 to 2012-12-31,"decay_linear(cs_rank(-1 * stddev(delta(close, 1), 20)), 252)",1.4488605951288094,3.116693743665658,1.2707577380058277
Execution-Aware,7,2008-01-01 to 2012-12-31,2013-01-01 to 2013-12-31,"decay_linear(rank(-1 * stddev(delta(close, 1), 20)), 252)",1.2618765426602585,2.7232361142900006,1.0433364650465364
Execution-Aware,8,2009-01-01 to 2013-12-31,2014-01-01 to 2014-12-31,"decay_linear(rank(-1 * stddev(delta(close, 1), 20)), 200)",0.5972985697179702,2.8365666522296022,0.44506814256293165
Execution-Aware,9,2010-01-01 to 2014-12-31,2015-01-01 to 2015-12-31,"decay_linear(cs_rank(-1 * stddev(delta(close, 1), 180)), 252) + decay_linear(cs_rank(volume), 252)",-1.115152130599324,2.8522117447229274,-1.3117695028063512
Execution-Aware,10,2011-01-01 to 2015-12-31,2016-01-01 to 2016-12-31,"decay_linear(rank(-1 * stddev(delta(close, 1), 20)), 252)",1.8697229698272666,3.2537068209241196,1.6738978125054684
Execution-Aware,11,2012-01-01 to 2016-12-31,2017-01-01 to 2017-12-31,"decay_linear(cs_rank(-1 * stddev(delta(close, 1), 20)), 240) + decay_linear(cs_rank(volume), 240)",-0.7090367490955,2.489541838348463,-0.8873969608619358
Execution-Aware,12,2013-01-01 to 2017-12-31,2018-01-01 to 2018-12-31,"decay_linear(cs_rank(-1 * stddev(delta(close, 1), 20)), 252)",-0.8254775167124089,3.197699580052128,-0.9815769959527235
Execution-Aware,13,2014-01-01 to 2018-12-31,2019-01-01 to 2019-12-31,"decay_linear(cs_rank(-1 * stddev(delta(close, 1), 180) / (volume + 1e-5)), 252)",0.4049218529537859,2.714724500391372,0.2195006846508556
Execution-Aware,14,2015-01-01 to 2019-12-31,2020-01-01 to 2020-12-31,"decay_linear(cs_rank(-1 * stddev(delta(close, 1), 180)), 240) + decay_linear(cs_rank(volume), 240)",-0.7213373209643684,4.094431954622509,-0.853976067659347
Execution-Aware,15,2016-01-01 to 2020-12-31,2021-01-01 to 2021-12-31,"decay_linear(rank(-1 * stddev(delta(close, 1), 20)), 240)",1.3981247727418895,4.1246159479289,1.2694960414715237
Execution-Aware,16,2017-01-01 to 2021-12-31,2022-01-01 to 2022-12-31,"decay_linear(cs_rank(-1 * stddev(delta(close, 1), 240)), 240)",1.2809375144072275,3.9856297530113243,1.1739517341463013
Execution-Aware,17,2018-01-01 to 2022-12-31,2023-01-01 to 2023-12-31,"decay_linear(rank(-1 * stddev(delta(close, 1), 50)), 252)",0.06415534583662397,3.3213301220988978,-0.13505637181233782
Execution-Aware,18,2019-01-01 to 2023-12-31,2024-01-01 to 2024-12-31,"decay_linear(cs_rank(-1 * stddev(delta(close, 1), 40)), 240)",1.2947482893317774,3.383370850702887,1.1313723669686964
Execution-Aware,19,2020-01-01 to 2024-12-31,2025-01-01 to 2025-12-31,"decay_linear(cs_rank(-1 * stddev(delta(close, 1), 20)), 252)",0.7006237478981603,3.547871395349132,0.5236315866344811
Execution-Aware,20,2021-01-01 to 2025-12-31,2026-01-01 to 2026-08-13,"decay_linear(cs_rank(-1 * stddev(delta(close, 1), 60)), 240)",0.2271857389907259,5.196450814142224,0.08604019054745778
